"Iteration"	"logProb"	"currentDecryptedText"	"correctText"
1	0.000851690484171738	"lsps bk j kjvhys zsrz"	0
2	0.000851690484171738	"lsps bk g kgvhys zsrz"	0
3	0.000851690484171738	"msps bk g kgvhys zsrz"	0
4	0.000851690484171738	"msps bk g kgvhes zsrz"	0
5	0.000851690484171738	"msps bk g kgvhes zsrz"	0
6	0.000851690484171738	"msks bp g pgvhes zsrz"	0
7	0.000851690484171738	"msks bp g pgvues zsrz"	0
8	0.000851690484171738	"msks bp g pguves zsrz"	0
9	0.000851690484171738	"msks bp g pguvts zsrz"	0
10	0.000851690484171738	"msks bp g pguvws zsrz"	0
11	0.000851690484171738	"msks tp g pguvws zsrz"	0
12	0.000851690484171738	"nsks tp g pguvws zsrz"	0
13	0.000851690484171738	"nsks tp g pguvws zsrz"	0
14	0.000851690484171738	"nsks tp g pguvws zsrz"	0
15	0.000851690484171738	"nsks tp g pguvws zsrz"	0
16	0.000851690484171738	"nsks tp g pguvbs zsrz"	0
17	0.000851690484171738	"nsks tp g pguvbs zsrz"	0
18	0.000851690484171738	"nsks tp g pguvxs zsrz"	0
19	0.000851690484171738	"nsks tp g pgbvxs zsrz"	0
20	0.000851690484171738	"niki tp g pgbvxi zirz"	0
21	0.000851690484171738	"tiki np g pgbvxi zirz"	0
22	0.000851690484171738	"tidi np g pgbvxi zirz"	0
23	0.000851690484171738	"tidi np c pcbvxi zirz"	0
24	0.000851690484171738	"tidi np c pcbwxi zirz"	0
25	0.000851690484171738	"tidi np c pcbwxi lirl"	0
26	0.000851690484171738	"tidi nj c jcbwxi lirl"	0
27	0.000851690484171738	"tidi hj c jcbwxi lirl"	0
28	0.000851690484171738	"tidi hj c jcbfxi lirl"	0
29	0.000851690484171738	"tidi hj c jcbfyi lirl"	0
30	0.000851690484171738	"eidi hj c jcbfyi lirl"	0
31	0.000851690484171738	"eisi hj c jcbfyi lirl"	0
32	0.000851690484171738	"eici hj s jsbfyi lirl"	0
33	0.000851690484171738	"eici hj s jsbzyi lirl"	0
34	0.000851690484171738	"yici hj s jsbzei lirl"	0
35	0.000851690484171738	"yici hj s jsbzei lirl"	0
36	0.000851690484171738	"ypcp hj s jsbzep lprl"	0
37	0.000851690484171738	"ypcp hj s jsbzep lprl"	0
38	0.000851690484171738	"yrcr hj s jsbzer lrpl"	0
39	0.000851690484171738	"yrcr hj s jszber lrpl"	0
40	0.000851690484171738	"yrcr hj s jszber lrdl"	0
41	0.000851690484171738	"yrcr hj m jmzber lrdl"	0
42	0.000851690484171738	"yrcr hj m jmzber lrdl"	0
43	0.000851690484171738	"yrcr hj m jmzber lrdl"	0
44	0.000851690484171738	"lrcr hj m jmzber yrdy"	0
45	0.000851690484171738	"lrcr hj m jmzber yrdy"	0
46	0.000851690484171738	"lrcr hj m jmzber yrdy"	0
47	0.000851690484171738	"vrcr hj m jmzber yrdy"	0
48	0.000851690484171738	"vrcr hj m jmzber yrdy"	0
49	0.000851690484171738	"srcr hj m jmzber yrdy"	0
50	0.000851690484171738	"srcr hj m jmzver yrdy"	0
51	0.000851690484171738	"srcr hu m umzver yrdy"	0
52	0.000851690484171738	"srcr hu m umzter yrdy"	0
53	0.000851690484171738	"srcr lu m umzter yrdy"	0
54	0.000851690484171738	"srcr lu m umzter yrdy"	0
55	0.000851690484171738	"srcr lu m umzher yrdy"	0
56	0.000851690484171738	"srcr lu m umzher yroy"	0
57	0.000851690484171738	"srjr lu m umzher yroy"	0
58	0.000851690484171738	"srjr lu m umzher yroy"	0
59	0.000851690484171738	"srjr lu m umzher yroy"	0
60	0.000851690484171738	"srjr lu m umzher yroy"	0
61	0.000851690484171738	"srjr lu m umzhfr yroy"	0
62	0.000851690484171738	"srjr lu m umzhfr yroy"	0
63	0.000851690484171738	"sryr lu m umzhfr jroj"	0
64	0.000851690484171738	"srur ly m ymzhfr jroj"	0
65	0.000851690484171738	"qrur ly m ymzhfr jroj"	0
66	0.000851690484171738	"qrur ly m ymzhfr jrij"	0
67	0.000851690484171738	"qrur ly m ymzhfr jrtj"	0
68	0.000851690484171738	"qrur ly m ymzhfr jrnj"	0
69	0.000851690484171738	"qrur ly k ykzhfr jrnj"	0
70	0.000851690484171738	"qrur dy k ykzhfr jrnj"	0
71	0.000851690484171738	"qrur dy h yhzkfr jrnj"	0
72	0.000851690484171738	"qrur dy h yhzkfr jrnj"	0
73	0.000851690484171738	"qrur dy v yvzkfr jrnj"	0
74	0.000851690484171738	"qrur ty v yvzkfr jrnj"	0
75	0.000851690484171738	"qlul ty v yvzkfl jlnj"	0
76	0.000851690484171738	"qlul th v hvzkfl jlnj"	0
77	0.000851690484171738	"qlul th v hvzkfl jlmj"	0
78	0.000851690484171738	"qlul th v hvzkcl jlmj"	0
79	0.000851690484171738	"qlul th v hvzkjl clmc"	0
80	0.000851690484171738	"qlul th v hvikjl clmc"	0
81	0.000851690484171738	"qlul th v hvikjl slms"	0
82	0.000851690484171738	"qlul vh t htikjl slms"	0
83	0.000851690484171738	"qlul vh t htikjl slms"	0
84	0.000851690484171738	"qlul eh t htikjl slms"	0
85	0.000851690484171738	"qlul eh t htikjl slms"	0
86	0.000851690484171738	"qljl eh t htikul slms"	0
87	0.000851690484171738	"qljl eh t htwkul slms"	0
88	0.000851690484171738	"qljl eh d hdwkul slms"	0
89	0.000851690484171738	"qljl eh g hgwkul slms"	0
90	0.000851690484171738	"qdjd eh g hgwkud sdms"	0
91	0.000851690484171738	"ndjd eh g hgwkud sdms"	0
92	0.000851690484171738	"naja eh g hgwkua sams"	0
93	0.000851690484171738	"naja eh g hgwkua sars"	0
94	0.000851690484171738	"naja eh g hgwkma sars"	0
95	0.000851690484171738	"naja xh g hgwkma sars"	0
96	0.000851690484171738	"naja xh k hkwgma sars"	0
97	0.000851690484171738	"nvjv xh k hkwgmv svrs"	0
98	0.000851690484171738	"nvjv xh k hkwgav svrs"	0
99	0.000851690484171738	"nvjv zh k hkwgav svrs"	0
100	0.000851690484171738	"nvjv zh k hkwgav svrs"	0
101	0.000851690484171738	"nvjv zh k hkegav svrs"	0
102	0.000851690484171738	"nvjv zh k hkegav svrs"	0
103	0.000851690484171738	"nvjv hz k zkegav svrs"	0
104	0.000851690484171738	"nfjf hz k zkegaf sfrs"	0
105	0.000851690484171738	"nfjf lz k zkegaf sfrs"	0
106	0.000851690484171738	"nfjf lo k okegaf sfrs"	0
107	0.000851690484171738	"nfjf lh k hkegaf sfrs"	0
108	0.000851690484171738	"nfjf li k ikegaf sfrs"	0
109	0.000851690484171738	"nfof li k ikegaf sfrs"	0
110	0.000851690484171738	"nfof li k ikegbf sfrs"	0
111	0.000851690484171738	"nfof li k ikegbf sfrs"	0
112	0.000851690484171738	"nfof li k ikegbf sfrs"	0
113	0.000851690484171738	"nfof li k ikegcf sfrs"	0
114	0.000851690484171738	"nfof li k ikegcf sfrs"	0
115	0.000851690484171738	"nfof li k ikegcf sfrs"	0
116	0.000851690484171738	"nfmf li k ikegcf sfrs"	0
117	0.000851690484171738	"nfmf li k ikegcf sfrs"	0
118	0.000851690484171738	"nkmk li f ifegck skrs"	0
119	0.000851690484171738	"nkmk li f ifhgck skrs"	0
120	0.000851690484171738	"nkmk li f ifhgck skrs"	0
121	0.000851690484171738	"nkmk li f ifhwck skrs"	0
122	0.000851690484171738	"nkmk li f ifhwck vkrv"	0
123	0.000851690484171738	"nkmk li f ifhwck vkrv"	0
124	0.000851690484171738	"rkmk li f ifhwck vknv"	0
125	0.000851690484171738	"lkmk ri f ifhwck vknv"	0
126	0.000851690484171738	"lkmk di f ifhwck vknv"	0
127	0.000851690484171738	"lkmk di f ifhwck vknv"	0
128	0.000851690484171738	"lkmk di f ifhwck vksv"	0
129	0.000851690484171738	"lkmk di f ifhwck aksa"	0
130	0.000851690484171738	"lkmk di f ifhwck aksa"	0
131	0.000851690484171738	"lkmk di f ifhwck skas"	0
132	0.000851690484171738	"lkmk dc f cfhwik skas"	0
133	0.000851690484171738	"bkmk dc f cfhwik skas"	0
134	0.000851690484171738	"bkmk uc f cfhwik skas"	0
135	0.000851690484171738	"bkmk uz f zfhwik skas"	0
136	0.000851690484171738	"bkmk uz f zfhlik skas"	0
137	0.000851690484171738	"bkmk uz j zjhlik skas"	0
138	0.000851690484171738	"bkmk gz j zjhlik skas"	0
139	0.000851690484171738	"bkjk gz m zmhlik skas"	0
140	0.000851690484171738	"bkjk gz h zhmlik skas"	0
141	0.000851690484171738	"bkjk nz h zhmlik skas"	0
142	0.000851690484171738	"bkjk yz h zhmlik skas"	0
143	0.000851690484171738	"bkjk yh z hzmlik skas"	0
144	0.000851690484171738	"bkjk eh z hzmlik skas"	0
145	0.000851690484171738	"bkjk eh z hzmlik skas"	0
146	0.000851690484171738	"gkjk eh z hzmlik skas"	0
147	0.000851690484171738	"gkjk eh z hzmlak skis"	0
148	0.000851690484171738	"gkjk eh z hzmlak skis"	0
149	0.000851690484171738	"gkjk eh z hznlak skis"	0
150	0.000851690484171738	"gkjk eh z hznlak skis"	0
151	0.000851690484171738	"gkjk eh z hznlak skis"	0
152	0.000851690484171738	"gkjk eh z hznxak skis"	0
153	0.000851690484171738	"gkjk eh z hznxak skis"	0
154	0.000851690484171738	"gkjk eh z hznxak skis"	0
155	0.000851690484171738	"gkjk nh z hzexak skis"	0
156	0.000851690484171738	"gkjk nh z hzexak skis"	0
157	0.000851690484171738	"gkjk ni z izexak skhs"	0
158	0.000851690484171738	"gkjk ni z izexak skhs"	0
159	0.000851690484171738	"gkjk ni z izwxak skhs"	0
160	0.000851690484171738	"gkjk ni z izwxak skhs"	0
161	0.000851690484171738	"gkjk ni z izwxak skhs"	0
162	0.000851690484171738	"gkjk ni z izlxak skhs"	0
163	0.000851690484171738	"gkjk ni z izwxak skhs"	0
164	0.000851690484171738	"gkjk ni z izwxak qkhq"	0
165	0.000851690484171738	"gkjk ni z izwxak tkht"	0
166	0.000851690484171738	"qkjk ni z izwxak tkht"	0
167	0.000851690484171738	"qkjk ni z izwxak tkht"	0
168	0.000851690484171738	"qkjk ni z izwxak tkht"	0
169	0.000851690484171738	"qkjk ny z yzwxak tkht"	0
170	0.000851690484171738	"qkjk ny z yzwxbk tkht"	0
171	0.000851690484171738	"qkjk ny z yzwxbk tkht"	0
172	0.000851690484171738	"qkjk iy z yzwxbk tkht"	0
173	0.000851690484171738	"qxjx iy z yzwkbx txht"	0
174	0.000851690484171738	"qxjx ky z yzwibx txht"	0
175	0.000851690484171738	"qxjx ky u yuwibx txht"	0
176	0.000851690484171738	"qxjx ky u yuwibx rxhr"	0
177	0.000851690484171738	"qxjx ky u yuwibx rxhr"	0
178	0.000851690484171738	"qxrx ky u yuwibx jxhj"	0
179	0.000851690484171738	"qxrx ky v yvwibx jxhj"	0
180	0.000851690484171738	"qxrx ky v yvwibx jxhj"	0
181	0.000851690484171738	"qyry kx v xvwiby jyhj"	0
182	0.000851690484171738	"oyry kx v xvwiby jyhj"	0
183	0.000851690484171738	"oyry kx v xvwiby jyej"	0
184	0.000851690484171738	"oyry kx v xvwiby jyej"	0
185	0.000851690484171738	"oywy kx v xvriby jyej"	0
186	0.000851690484171738	"oywy kx v xvriby jyej"	0
187	0.000851690484171738	"oywy kx v xvriby jyqj"	0
188	0.000851690484171738	"oywy hx v xvriby jyqj"	0
189	0.000851690484171738	"oywy hx v xvziby jyqj"	0
190	0.000851690484171738	"oywy hx v xvziby jyqj"	0
191	0.000851690484171738	"oywy hx i xizvby jyqj"	0
192	0.000851690484171738	"oywy hx i xizvmy jyqj"	0
193	0.000851690484171738	"oywy hx i xizlmy jyqj"	0
194	0.000851690484171738	"oywy hx i xizlmy jyqj"	0
195	0.000851690484171738	"oywy hx i xizlmy fyqf"	0
196	0.000851690484171738	"oywy hx i xizlmy fycf"	0
197	0.000851690484171738	"oywy nx i xizlmy fycf"	0
198	0.000851690484171738	"oyky nx i xizlmy fycf"	0
199	0.000851690484171738	"qyky nx i xizlmy fycf"	0
200	0.000851690484171738	"qyky nx i xizlmy eyce"	0
201	0.000851690484171738	"qyky nx t xtzlmy eyce"	0
202	0.000851690484171738	"oyky nx t xtzlmy eyce"	0
203	0.000851690484171738	"oyky nx t xtzlmy eywe"	0
204	0.000851690484171738	"vyky nx t xtzlmy eywe"	0
205	0.000851690484171738	"cyky nx t xtzlmy eywe"	0
206	0.000851690484171738	"cyky nx t xtzlmy eywe"	0
207	0.000851690484171738	"cbkb nx t xtzlmb ebwe"	0
208	0.000851690484171738	"cbkb nx t xtzlmb fbwf"	0
209	0.000851690484171738	"cbkb nx t xtzlmb fbwf"	0
210	0.000851690484171738	"cbkb nx t xtzlmb fbwf"	0
211	0.000851690484171738	"cbkb nx t xtzlmb fbwf"	0
212	0.000851690484171738	"cpkp nx t xtzlmp fpwf"	0
213	0.000851690484171738	"cpkp nx t xtzlmp fpwf"	0
214	0.000851690484171738	"cpkp nx q xqzlmp fpwf"	0
215	0.000851690484171738	"cpkp ne q eqzlmp fpwf"	0
216	0.000851690484171738	"cpkp re q eqzlmp fpwf"	0
217	0.000851690484171738	"cpkp re q eqvlmp fpwf"	0
218	0.000851690484171738	"cpvp re q eqklmp fpwf"	0
219	0.000851690484171738	"cpvp re q eqklmp fpwf"	0
220	0.000851690484171738	"cpvp re q eqklmp upwu"	0
221	0.000851690484171738	"ckvk re q eqplmk ukwu"	0
222	0.000851690484171738	"ckvk re q eqpomk ukwu"	0
223	0.000851690484171738	"bkvk re q eqpomk ukwu"	0
224	0.000851690484171738	"bkvk re q eqfomk ukwu"	0
225	0.000851690484171738	"bkvk re q eqfomk gkwg"	0
226	0.000851690484171738	"bkvk re q eqfonk gkwg"	0
227	0.000851690484171738	"bkvk re q eqfonk gkwg"	0
228	0.000851690484171738	"okvk re q eqfbnk gkwg"	0
229	0.000851690484171738	"okvk re q eqybnk gkwg"	0
230	0.000851690484171738	"okmk re q eqybnk gkwg"	0
231	0.000851690484171738	"okmk re q eqybnk lkwl"	0
232	0.000851690484171738	"okmk re q eqybnk lkwl"	0
233	0.000851690484171738	"okmk ra q aqybnk lkwl"	0
234	0.000851690484171738	"okmk ra q aqybnk lkwl"	0
235	0.000851690484171738	"okmk ra q aqybnk lkwl"	0
236	0.000851690484171738	"okmk ra q aqyjnk lkwl"	0
237	0.000851690484171738	"okmk ra q aqyjnk lkwl"	0
238	0.000851690484171738	"okhk ra q aqyjnk lkwl"	0
239	0.000851690484171738	"okhk ra q aqyjnk lkwl"	0
240	0.000851690484171738	"rkhk oa q aqyjnk lkwl"	0
241	0.000851690484171738	"rkhk oa q aqyjnk lkwl"	0
242	0.000851690484171738	"rkhk oa q aqyjvk lkwl"	0
243	0.000851690484171738	"rkhk oa q aqyjvk lkwl"	0
244	0.000851690484171738	"rkhk oa q aqyjvk lkwl"	0
245	0.000851690484171738	"rkhk oa q aqyjvk ekwe"	0
246	0.000851690484171738	"rkhk oa q aqyjvk ekle"	0
247	0.000851690484171738	"rkhk oa q aqyjvk ekle"	0
248	0.000851690484171738	"rkhk oa q aqyjvk wklw"	0
249	0.000851690484171738	"rkwk oa q aqyjvk hklh"	0
250	0.000851690484171738	"rkwk oa q aqyjvk hklh"	0
251	0.000851690484171738	"rkwk oa n anyjvk hklh"	0
252	0.000851690484171738	"rkwk oa n anyjvk hklh"	0
253	0.000851690484171738	"rkwk oa n anyjvk hklh"	0
254	0.000851690484171738	"rkwk om n mnyjvk hklh"	0
255	0.000851690484171738	"rkwk om n mnyjvk hklh"	0
256	0.000851690484171738	"rkwk om n mnyjvk hklh"	0
257	0.000851690484171738	"rkwk om y mynjvk hklh"	0
258	0.000851690484171738	"rkwk om y myqjvk hklh"	0
259	0.000851690484171738	"rkwk om y myujvk hklh"	0
260	0.000851690484171738	"rkwk om y myujvk hklh"	0
261	0.000851690484171738	"rkwk oh y hyujvk mklm"	0
262	0.000851690484171738	"rkwk yh o houjvk mklm"	0
263	0.000851690484171738	"rkwk yh o houtvk mklm"	0
264	0.000851690484171738	"rkwk yh o houtvk mklm"	0
265	0.000851690484171738	"rkwk dh o houtvk mklm"	0
266	0.000851690484171738	"rkwk dh o houtvk mklm"	0
267	0.000851690484171738	"rkwk dh o houyvk mklm"	0
268	0.000851690484171738	"rkwk dh o houyvk mklm"	0
269	0.000851690484171738	"rkwk hd o douyvk mklm"	0
270	0.000851690484171738	"rkxk hd o douyvk mklm"	0
271	0.000851690484171738	"rmxm hd o douyvm kmlk"	0
272	0.000851690484171738	"rmxm hd w dwuyvm kmlk"	0
273	0.000851690484171738	"rmxm hd w dwyuvm kmlk"	0
274	0.000851690484171738	"rsxs hd w dwyuvs kslk"	0
275	0.000851690484171738	"rsxs hd w dwyuvs kslk"	0
276	0.000851690484171738	"rsjs hd w dwyuvs kslk"	0
277	0.000851690484171738	"rsjs hb w bwyuvs kslk"	0
278	0.000851690484171738	"raja hb w bwyuva kalk"	0
279	0.000851690484171738	"raga hb w bwyuva kalk"	0
280	0.000851690484171738	"raxa hb w bwyuva kalk"	0
281	0.000851690484171738	"raxa hg w gwyuva kalk"	0
282	0.000851690484171738	"raxa hg w gwyuqa kalk"	0
283	0.000851690484171738	"raxa hg k gkyuqa walw"	0
284	0.000851690484171738	"raxa hg k gkyuqa walw"	0
285	0.000851690484171738	"raxa hb k bkyuqa walw"	0
286	0.000851690484171738	"raxa hz k zkyuqa walw"	0
287	0.000851690484171738	"raxa hl k lkyuqa wazw"	0
288	0.000851690484171738	"raxa hl k lkyqua wazw"	0
289	0.000851690484171738	"raxa hl k lkyqua wazw"	0
290	0.000851690484171738	"raxa hl k lkyqua wazw"	0
291	0.000851690484171738	"raxa hl k lkyqua wazw"	0
292	0.000851690484171738	"rexe hl k lkyque wezw"	0
293	0.000851690484171738	"rexe hl k lkyque wezw"	0
294	0.000851690484171738	"rcxc hl k lkyquc wczw"	0
295	0.000851690484171738	"rcxc hl b lbyquc wczw"	0
296	0.000851690484171738	"rcxc hl b lbyquc wczw"	0
297	0.000851690484171738	"rcxc hl b lbyquc sczs"	0
298	0.000851690484171738	"rcxc hi b ibyquc sczs"	0
299	0.000851690484171738	"rcsc hi b ibyquc xczx"	0
300	0.000851690484171738	"zcsc hi b ibyquc xcrx"	0
301	0.000851690484171738	"zcsc hi x ixyquc bcrb"	0
302	0.000851690484171738	"zchc si x ixyquc bcrb"	0
303	0.000851690484171738	"zchc si x ixyquc bcrb"	0
304	0.000851690484171738	"zcmc si x ixyquc bcrb"	0
305	0.000851690484171738	"zcmc sy x yxiquc bcrb"	0
306	0.000851690484171738	"zcmc sy x yxwquc bcrb"	0
307	0.000851690484171738	"zcmc sy x yxwquc kcrk"	0
308	0.000851690484171738	"zcmc sy x yxwquc pcrp"	0
309	0.000851690484171738	"zcmc sx y xywquc pcrp"	0
310	0.000851690484171738	"zcmc sx y xywquc pcrp"	0
311	0.000851690484171738	"zcmc sx y xywquc icri"	0
312	0.000851690484171738	"zcmc sx y xywquc icri"	0
313	0.000851690484171738	"zcmc sx y xywquc icri"	0
314	0.000851690484171738	"zcmc sx y xywguc icri"	0
315	0.000851690484171738	"zcmc sx y xywguc icri"	0
316	0.000851690484171738	"zcmc sx y xywguc icri"	0
317	0.000851690484171738	"zcmc sx y xywguc icri"	0
318	0.000851690484171738	"zcmc sx y xywguc icri"	0
319	0.000851690484171738	"zcmc ax y xywguc icri"	0
320	0.000851690484171738	"zcmc ax y xywguc icri"	0
321	0.000851690484171738	"zcmc ax y xywguc icri"	0
322	0.000851690484171738	"zcmc ax y xywguc lcrl"	0
323	0.000851690484171738	"zcmc ax y xydguc lcrl"	0
324	0.000851690484171738	"zcmc ax y xydfuc lcrl"	0
325	0.000851690484171738	"zcmc ax y xydfuc qcrq"	0
326	0.000851690484171738	"zcmc ax y xydfuc qcrq"	0
327	0.000851690484171738	"zcmc ax y xydfuc qcrq"	0
328	0.000851690484171738	"zcmc ax y xydfuc qcrq"	0
329	0.000851690484171738	"zcmc ax y xydfuc qcrq"	0
330	0.000851690484171738	"zcmc ax y xydfuc qcnq"	0
331	0.000851690484171738	"zcmc ax y xydfuc qcnq"	0
332	0.000851690484171738	"zcmc ax y xydfuc qcnq"	0
333	0.000851690484171738	"zcmc wx y xydfuc qcnq"	0
334	0.000851690484171738	"zcmc wx y xydfuc qcnq"	0
335	0.000851690484171738	"zcmc wn y nydfuc qcxq"	0
336	0.000851690484171738	"scmc wn y nydfuc qcxq"	0
337	0.000851690484171738	"scmc wn y nydfic qcxq"	0
338	0.000851690484171738	"scmc wn y nydfic qcxq"	0
339	0.000851690484171738	"scmc dn y nywfic qcxq"	0
340	0.000851690484171738	"seme dn y nywfie qexq"	0
341	0.000851690484171738	"swmw dn y nyefiw qwxq"	0
342	0.000851690484171738	"swmw dn y nyefgw qwxq"	0
343	0.000851690484171738	"swmw dn y nyefgw qwbq"	0
344	0.000851690484171738	"swmw dn y nyefgw qwbq"	0
345	0.000851690484171738	"swmw dn y nyefgw qwbq"	0
346	0.000851690484171738	"swmw dn y nyefgw qwbq"	0
347	0.000851690484171738	"sbmb dn y nyefgb qbwq"	0
348	0.000851690484171738	"sbmb dn e neyfgb qbwq"	0
349	0.000851690484171738	"sbmb dn e netfgb qbwq"	0
350	0.000851690484171738	"sama dn e netfga qawq"	0
351	0.000851690484171738	"sama dn e netfga qawq"	0
352	0.000851690484171738	"smam dn e netfgm qmwq"	0
353	0.000851690484171738	"smam dn e netfgm qmwq"	0
354	0.000851690484171738	"smfm dn e netagm qmwq"	0
355	0.000851690484171738	"smfm dz e zetagm qmwq"	0
356	0.000851690484171738	"smfm dz e zetagm qmwq"	0
357	0.000851690484171738	"smgm dz e zetafm qmwq"	0
358	0.000851690484171738	"smum dz e zetafm qmwq"	0
359	0.000851690484171738	"smum dz e zetafm cmwc"	0
360	0.000851690484171738	"smum dz e zetafm cmwc"	0
361	0.000851690484171738	"smum vz e zetafm cmwc"	0
362	0.000851690484171738	"smum kz e zetafm cmwc"	0
363	0.000851690484171738	"smum fz e zetakm cmwc"	0
364	0.000851690484171738	"smum fz e zetakm cmwc"	0
365	0.000851690484171738	"smum fz e zeiakm cmwc"	0
366	0.000851690484171738	"smom fz e zeiakm cmwc"	0
367	0.000851690484171738	"scoc fz e zeiakc mcwm"	0
368	0.000851690484171738	"scoc fx e xeiakc mcwm"	0
369	0.000851690484171738	"scoc fx e xeiakc mcwm"	0
370	0.000851690484171738	"sjoj fx e xeiakj mjwm"	0
371	0.000851690484171738	"sjoj fx e xeiakj mjwm"	0
372	0.000851690484171738	"sjoj fx e xeiakj mjwm"	0
373	0.000851690484171738	"sjoj fx l xliakj mjwm"	0
374	0.000851690484171738	"sjoj fx l xliakj ejwe"	0
375	0.000851690484171738	"sjoj fx l xliakj ejwe"	0
376	0.000851690484171738	"sjoj fx l xliakj cjwc"	0
377	0.000851690484171738	"pjoj fx l xliakj cjwc"	0
378	0.000851690484171738	"pjoj fx l xliakj cjwc"	0
379	0.000851690484171738	"pdod fx l xliakd cdwc"	0
380	0.000851690484171738	"pdod fx l xliakd cdwc"	0
381	0.000851690484171738	"ydod fx l xliakd cdwc"	0
382	0.000851690484171738	"ydod fx l xliakd cdhc"	0
383	0.000851690484171738	"ydod fx l xliakd cdhc"	0
384	0.000851690484171738	"ydod fx s xsiakd cdhc"	0
385	0.000851690484171738	"ydod fx q xqiakd cdhc"	0
386	0.000851690484171738	"ybob fx q xqiakb cbhc"	0
387	0.000851690484171738	"lbob fx q xqiakb cbhc"	0
388	0.000851690484171738	"lbob fx q xqiakb cbhc"	0
389	0.000851690484171738	"lbob fx q xqizkb cbhc"	0
390	0.000851690484171738	"lbob fx q xqizkb ybhy"	0
391	0.000851690484171738	"lbob fx q xqzikb ybhy"	0
392	0.000851690484171738	"lbob fx q xqzikb ybhy"	0
393	0.000851690484171738	"lbob fx j xjzikb ybhy"	0
394	0.000851690484171738	"lbob fx j xjzikb ybry"	0
395	0.000851690484171738	"lbob fx j xjzikb ybry"	0
396	0.000851690484171738	"lbob fx j xjzikb ybcy"	0
397	0.000851690484171738	"lxox fb j bjzikx yxcy"	0
398	0.000851690484171738	"lxox fb j bjzikx mxcm"	0
399	0.000851690484171738	"lxox fb p bpzikx mxcm"	0
400	0.000851690484171738	"lxox fb p bpzikx mxqm"	0
401	0.000851690484171738	"lxox fb p bpzikx mxqm"	0
402	0.000851690484171738	"lxox fb p bpzikx mxqm"	0
403	0.000851690484171738	"lxox fb p bpizkx mxqm"	0
404	0.000851690484171738	"lxox ab p bpizkx mxqm"	0
405	0.000851690484171738	"lxox ab p bpizsx mxqm"	0
406	0.000851690484171738	"lxox ab p bpizyx mxqm"	0
407	0.000851690484171738	"lxox ib p bpazyx mxqm"	0
408	0.000851690484171738	"lxox ib p bpazgx mxqm"	0
409	0.000851690484171738	"lxox ib p bpazgx txqt"	0
410	0.000851690484171738	"lxox ib p bpazgx txqt"	0
411	0.000851690484171738	"lxox ib p bpazgx txqt"	0
412	0.000851690484171738	"lxox nb p bpazgx txqt"	0
413	0.000851690484171738	"lxox nb c bcazgx txqt"	0
414	0.000851690484171738	"lxox nb c bcazgx txqt"	0
415	0.000851690484171738	"lxox ub c bcazgx txqt"	0
416	0.000851690484171738	"lxox ub h bhazgx txqt"	0
417	0.000851690484171738	"lxox ub h bhazgx nxqn"	0
418	0.000851690484171738	"lxox ub h bhazgx nxqn"	0
419	0.000851690484171738	"lxox ub h bhazgx sxqs"	0
420	0.000851690484171738	"lxox ub h bhazgx sxqs"	0
421	0.000851690484171738	"lxox ut h thazgx sxqs"	0
422	0.000851690484171738	"lxox ut h thazgx sxqs"	0
423	0.000851690484171738	"lxox bt h thazgx sxqs"	0
424	0.000851690484171738	"lxox bt h thazgx mxqm"	0
425	0.000851690484171738	"lxox bt h thjzgx mxqm"	0
426	0.000851690484171738	"lxox bt h thjzgx mxqm"	0
427	0.000851690484171738	"lxox bt h thjzgx mxqm"	0
428	0.000851690484171738	"lxox by h yhjzgx mxqm"	0
429	0.000851690484171738	"lxox by h yhpzgx mxqm"	0
430	0.000851690484171738	"jxox by h yhpzgx mxqm"	0
431	0.000851690484171738	"jxox by h yhpzgx mxqm"	0
432	0.000851690484171738	"jxox by h yhpzgx mxqm"	0
433	0.000851690484171738	"jxox by h yhpzgx mxim"	0
434	0.000851690484171738	"jxox by h yhpzgx mxwm"	0
435	0.000851690484171738	"jxex by h yhpzgx mxwm"	0
436	0.000851690484171738	"jxex by h yhpzgx mxwm"	0
437	0.000851690484171738	"jxex by h yhpzgx mxwm"	0
438	0.000851690484171738	"jxex bp h phyzgx mxwm"	0
439	0.000851690484171738	"jxex bp h phykgx mxwm"	0
440	0.000851690484171738	"jxox bp h phykgx mxwm"	0
441	0.000851690484171738	"jxox bp e peykgx mxwm"	0
442	0.000851690484171738	"jxox bp g pgykex mxwm"	0
443	0.000851690484171738	"jxox kp g pgybex mxwm"	0
444	0.000851690484171738	"jxox hp g pgybex mxwm"	0
445	0.000851690484171738	"jxox hl g lgybex mxwm"	0
446	0.000851690484171738	"jfof hl g lgybef mfwm"	0
447	0.000851690484171738	"jfof hl g lgybef mfwm"	0
448	0.000851690484171738	"jfof hl g lgybef mfwm"	0
449	0.000851690484171738	"jfof dl g lgybef mfwm"	0
450	0.000851690484171738	"dfof jl g lgybef mfwm"	0
451	0.000851690484171738	"dfof vl g lgybef mfwm"	0
452	0.000851690484171738	"dfof wl g lgybef mfvm"	0
453	0.000851690484171738	"dfof wl g lgybef mfim"	0
454	0.000851690484171738	"dfof wl e leybgf mfim"	0
455	0.000851690484171738	"fdod wl e leybgd mdim"	0
456	0.000851690484171738	"fdod wl e leybgd mdim"	0
457	0.000851690484171738	"fdod wl e leybgd mdim"	0
458	0.000851690484171738	"fdhd wl e leybgd mdim"	0
459	0.000851690484171738	"fdhd wl e leybgd mdim"	0
460	0.000851690484171738	"fdhd wl e leybgd mdim"	0
461	0.000851690484171738	"fdhd ml e leybgd wdiw"	0
462	0.000851690484171738	"fdhd ml e leygbd wdiw"	0
463	0.000851690484171738	"fdhd ml e leygbd wdiw"	0
464	0.000851690484171738	"fdhd ml o loygbd wdiw"	0
465	0.000851690484171738	"fdhd ml o loygbd wdiw"	0
466	0.000851690484171738	"fdhd ml o loygbd wdkw"	0
467	0.000851690484171738	"fdhd ml o loygbd wdkw"	0
468	0.000851690484171738	"fdhd ml o loygbd wdkw"	0
469	0.000851690484171738	"fdhd ml o lojgbd wdkw"	0
470	0.000851690484171738	"fdhd ml o lojgbd wdkw"	0
471	0.000851690484171738	"fdhd ml o lojgbd wdkw"	0
472	0.000851690484171738	"fdhd ml o lojgbd wdkw"	0
473	0.000851690484171738	"fdhd ml o lojgbd wdkw"	0
474	0.000851690484171738	"frhr ml o lojgbr wrkw"	0
475	0.000851690484171738	"frhr dl o lojgbr wrkw"	0
476	0.000851690484171738	"frhr dl o lojgbr wrkw"	0
477	0.000851690484171738	"frhr dl o lojgmr wrkw"	0
478	0.000851690484171738	"frhr wl o lojgmr drkd"	0
479	0.000851690484171738	"frhr wl o lovgmr drkd"	0
480	0.000851690484171738	"lrhr wf o fovgmr drkd"	0
481	0.000851690484171738	"drhr wf o fovgmr lrkl"	0
482	0.000851690484171738	"drhr wf o fosgmr lrkl"	0
483	0.000851690484171738	"drhr wf o fosgmr lrkl"	0
484	0.000851690484171738	"erhr wf o fosgmr lrkl"	0
485	0.000851690484171738	"erhr qf o fosgmr lrkl"	0
486	0.000851690484171738	"erhr qf o foxgmr lrkl"	0
487	0.000851690484171738	"erhr qf o foxgmr lrkl"	0
488	0.000851690484171738	"erhr qf o foxgmr prkp"	0
489	0.000851690484171738	"hrer qf o foxgmr prkp"	0
490	0.000851690484171738	"hrur qf o foxgmr prkp"	0
491	0.000851690484171738	"hrur qg o goxfmr prkp"	0
492	0.000851690484171738	"hrur qg o goxfmr prkp"	0
493	0.000851690484171738	"hrur qg o goxfbr prkp"	0
494	0.000851690484171738	"hnun qg o goxfbn pnkp"	0
495	0.000851690484171738	"hnun tg o goxfbn pnkp"	0
496	0.000851690484171738	"hnun tg o goxfbn enke"	0
497	0.000851690484171738	"hnun tg o goxzbn enke"	0
498	0.000851690484171738	"hnun tg o goxzbn ende"	0
499	0.000851690484171738	"hnun tr o roxzbn ende"	0
500	0.000851690484171738	"hnun tr o roxzwn ende"	0
